Date/Time,"Virtual Memory Committed [MB]","Virtual Memory Available [MB]","Virtual Memory Load [%]","Physical Memory Used [MB]","Physical Memory Available [MB]","Physical Memory Load [%]","Page File Usage [%]","Page File Total [MB]","Page File Used [MB]","Core VIDs (avg) [V]","Core 0 VID [V]","Core 1 VID [V]","Core 2 VID [V]","Core 3 VID [V]","Core 4 VID [V]","Core 5 VID [V]","Core Clocks (avg) [MHz]","Core 0 Clock [MHz]","Core 1 Clock [MHz]","Core 2 Clock [MHz]","Core 3 Clock [MHz]","Core 4 Clock [MHz]","Core 5 Clock [MHz]","Bus Clock [MHz]","Ring/LLC Clock [MHz]","System Agent Clock [MHz]","Core Effective Clocks (avg) [MHz]","Core 0 T0 Effective Clock [MHz]","Core 0 T1 Effective Clock [MHz]","Core 1 T0 Effective Clock [MHz]","Core 1 T1 Effective Clock [MHz]","Core 2 T0 Effective Clock [MHz]","Core 2 T1 Effective Clock [MHz]","Core 3 T0 Effective Clock [MHz]","Core 3 T1 Effective Clock [MHz]","Core 4 T0 Effective Clock [MHz]","Core 4 T1 Effective Clock [MHz]","Core 5 T0 Effective Clock [MHz]","Core 5 T1 Effective Clock [MHz]","Average Effective Clock [MHz]","Core Usage (avg) [%]","Core 0 T0 Usage [%]","Core 0 T1 Usage [%]","Core 1 T0 Usage [%]","Core 1 T1 Usage [%]","Core 2 T0 Usage [%]","Core 2 T1 Usage [%]","Core 3 T0 Usage [%]","Core 3 T1 Usage [%]","Core 4 T0 Usage [%]","Core 4 T1 Usage [%]","Core 5 T0 Usage [%]","Core 5 T1 Usage [%]","Max CPU/Thread Usage [%]","Total CPU Usage [%]","On-Demand Clock Modulation [%]","Core Utility (avg) [%]","Core 0 T0 Utility [%]","Core 0 T1 Utility [%]","Core 1 T0 Utility [%]","Core 1 T1 Utility [%]","Core 2 T0 Utility [%]","Core 2 T1 Utility [%]","Core 3 T0 Utility [%]","Core 3 T1 Utility [%]","Core 4 T0 Utility [%]","Core 4 T1 Utility [%]","Core 5 T0 Utility [%]","Core 5 T1 Utility [%]","Total CPU Utility [%]","Core Ratios (avg) [x]","Core 0 Ratio [x]","Core 1 Ratio [x]","Core 2 Ratio [x]","Core 3 Ratio [x]","Core 4 Ratio [x]","Core 5 Ratio [x]","Uncore Ratio [x]","Core Temperatures (avg) [°C]","Core 0 [°C]","Core 1 [°C]","Core 2 [°C]","Core 3 [°C]","Core 4 [°C]","Core 5 [°C]","Core Distance to TjMAX (avg) [°C]","Core 0 Distance to TjMAX [°C]","Core 1 Distance to TjMAX [°C]","Core 2 Distance to TjMAX [°C]","Core 3 Distance to TjMAX [°C]","Core 4 Distance to TjMAX [°C]","Core 5 Distance to TjMAX [°C]","CPU Package [°C]","Core Max [°C]","Core Thermal Throttling (avg) [Yes/No]","Core 0 Thermal Throttling [Yes/No]","Core 1 Thermal Throttling [Yes/No]","Core 2 Thermal Throttling [Yes/No]","Core 3 Thermal Throttling [Yes/No]","Core 4 Thermal Throttling [Yes/No]","Core 5 Thermal Throttling [Yes/No]","Core Critical Temperature (avg) [Yes/No]","Core 0 Critical Temperature [Yes/No]","Core 1 Critical Temperature [Yes/No]","Core 2 Critical Temperature [Yes/No]","Core 3 Critical Temperature [Yes/No]","Core 4 Critical Temperature [Yes/No]","Core 5 Critical Temperature [Yes/No]","Core Power Limit Exceeded (avg) [Yes/No]","Core 0 Power Limit Exceeded [Yes/No]","Core 1 Power Limit Exceeded [Yes/No]","Core 2 Power Limit Exceeded [Yes/No]","Core 3 Power Limit Exceeded [Yes/No]","Core 4 Power Limit Exceeded [Yes/No]","Core 5 Power Limit Exceeded [Yes/No]","Package/Ring Thermal Throttling [Yes/No]","Package/Ring Critical Temperature [Yes/No]","Package/Ring Power Limit Exceeded [Yes/No]","CPU Package [°C]","CPU IA Cores [°C]","CPU GT Cores (Graphics) [°C]","Voltage Offsets (avg) [V]","IA Voltage Offset [V]","GT (Slice) Voltage Offset [V]","CLR (CBo/LLC/Ring) Voltage Offset [V]","GT (Unslice) Voltage Offset [V]","Uncore/SA Voltage Offset [V]","VR VCC Current (SVID IOUT) [A]","CPU Package Power [W]","IA Cores Power [W]","Total DRAM Power [W]","Rest-of-Chip Power [W]","PL1 Power Limit (Static) [W]","PL2 Power Limit (Static) [W]","OC Ratio Limits (avg) [x]","GT (Slice) OC Ratio Limit [x]","GT (Unslice) OC Ratio Limit [x]","Core C0 Residency (avg) [%]","Core 0 T0 C0 Residency [%]","Core 0 T1 C0 Residency [%]","Core 1 T0 C0 Residency [%]","Core 1 T1 C0 Residency [%]","Core 2 T0 C0 Residency [%]","Core 2 T1 C0 Residency [%]","Core 3 T0 C0 Residency [%]","Core 3 T1 C0 Residency [%]","Core 4 T0 C0 Residency [%]","Core 4 T1 C0 Residency [%]","Core 5 T0 C0 Residency [%]","Core 5 T1 C0 Residency [%]","Core C3 Residency (avg) [%]","Core 0 C3 Residency [%]","Core 1 C3 Residency [%]","Core 2 C3 Residency [%]","Core 3 C3 Residency [%]","Core 4 C3 Residency [%]","Core 5 C3 Residency [%]","Core C7 Residency (avg) [%]","Core 0 C7 Residency [%]","Core 1 C7 Residency [%]","Core 2 C7 Residency [%]","Core 3 C7 Residency [%]","Core 4 C7 Residency [%]","Core 5 C7 Residency [%]","Memory Clock [MHz]","Memory Clock Ratio [x]","Tcas [T]","Trcd [T]","Trp [T]","Tras [T]","Trc [T]","Trfc [T]","Command Rate [T]","IA Limit Reasons (avg) [Yes/No]","IA: PROCHOT [Yes/No]","IA: Thermal Event [Yes/No]","IA: DDR RAPL [Yes/No]","IA: PCS (PECI) [Yes/No]","IA: Residency State Regulation [Yes/No]","IA: Running Average Thermal Limit [Yes/No]","IA: VR Thermal Alert [Yes/No]","IA: VR TDC [Yes/No]","IA: Electrical Design Point/Other (ICCmax PL4 SVID DDR RAPL) [Yes/No]","IA: Package-Level RAPL/PBM PL1 [Yes/No]","IA: Package-Level RAPL/PBM PL2 PL3 [Yes/No]","IA: Max Turbo Limit [Yes/No]","IA: Turbo Attenuation (MCT) [Yes/No]","IA: Thermal Velocity Boost [Yes/No]","GT Limit Reasons (avg) [Yes/No]","GT: PROCHOT [Yes/No]","GT: Thermal Event [Yes/No]","GT: DDR RAPL [Yes/No]","GT: Residency State Regulation [Yes/No]","GT: Running Average Thermal Limit [Yes/No]","GT: VR Thermal Alert [Yes/No]","GT: VR TDC [Yes/No]","GT: Max VR Voltage  ICCmax  PL4 [Yes/No]","GT: Domain-Level PBM PLGT [Yes/No]","GT: Package-Level RAPL/PBM PL1 [Yes/No]","GT: Package-Level RAPL/PBM PL2 PL3 [Yes/No]","GT: Inefficient Operation [Yes/No]","GT: Fuses limit [Yes/No]","Ring Limit Reasons (avg) [Yes/No]","RING: PROCHOT [Yes/No]","RING: Thermal Event [Yes/No]","RING: DDR RAPL [Yes/No]","RING: Residency State Regulation [Yes/No]","RING: Running Average Thermal Limit [Yes/No]","RING: VR Thermal Alert [Yes/No]","RING: VR TDC [Yes/No]","RING: Max VR Voltage  ICCmax  PL4 [Yes/No]","RING: Package-Level RAPL/PBM PL1 [Yes/No]","RING: Package-Level RAPL/PBM PL2 PL3 [Yes/No]","System [°C]","MOS [°C]","Auxiliary [°C]","AUXTIN1 [°C]","CPU (PECI) [°C]","CPU [°C]","Vcore [V]","+5V [V]","+3.3V (AVCC) [V]","+3.3V (3VCC) [V]","+12V [V]","CPU I/O [V]","3VSB [V]","VBAT [V]","VTT [V]","VCCSA [V]","PCH [V]","DIMM [V]","VIN7 [V]","CPU [RPM]","Chassis Intrusion [Yes/No]","PCH Temperature [°C]","Drive Temperature [°C]","Drive Remaining Life [%]","Drive Failure [Yes/No]","Drive Warning [Yes/No]","Total Host Writes [GB]","Total NAND Writes [GB]","Total Host Reads [GB]","Drive Temperature [°C]","Drive Failure [Yes/No]","Drive Warning [Yes/No]","Drive Temperature [°C]","Drive Failure [Yes/No]","Drive Warning [Yes/No]","Read Activity [%]","Write Activity [%]","Total Activity [%]","Read Rate [MB/s]","Write Rate [MB/s]","Read Total [MB]","Write Total [MB]","Read Activity [%]","Write Activity [%]","Total Activity [%]","Read Rate [MB/s]","Write Rate [MB/s]","Read Total [MB]","Write Total [MB]","Read Activity [%]","Write Activity [%]","Total Activity [%]","Read Rate [MB/s]","Write Rate [MB/s]","Read Total [MB]","Write Total [MB]","GPU Temperature [°C]","GPU Hot Spot Temperature [°C]","GPU Thermal Limit [°C]","GPU Core Voltage [V]","GPU Rail Voltages (avg) [V]","GPU PCIe +12V Input Voltage [V]","GPU 8-pin #1 Input Voltage [V]","GPU Misc0 Input Voltage [V]","GPU Fan1 [RPM]","GPU Fan2 [RPM]","GPU Power [W]","GPU Rail Powers (avg) [W]","GPU Core (NVVDD) Input Power (sum) [W]","GPU PCIe +12V Input Power [W]","GPU 8-pin #1 Input Power [W]","GPU Misc0 Input Power [W]","GPU Core (NVVDD2) Input Power (sum) [W]","GPU Input PP Source Power (sum) [W]","GPU Core (NVVDD) Output Power [W]","GPU Core (NVVDD) Output Power [W]","GPU Clock [MHz]","GPU Memory Clock [MHz]","GPU Video Clock [MHz]","GPU Effective Clock [MHz]","GPU Crossbar Clock [MHz]","GPU Core Load [%]","GPU Memory Controller Load [%]","GPU Video Engine Load [%]","GPU Bus Load [%]","GPU Memory Usage [%]","GPU D3D Usages (avg) [%]","GPU D3D Usage [%]","GPU Video Decode 0 Usage [%]","GPU Video Encode 0 Usage [%]","GPU Computing (Compute_0) Usage [%]","GPU Computing (Cuda) Usage [%]","GPU Computing (Compute_1) Usage [%]","GPU VR Usage [%]","GPU Graphics Usage [%]","GPU Fan1 [%]","GPU Fan2 [%]","GPU Performance Limiters (avg) [Yes/No]","Performance Limit - Power [Yes/No]","Performance Limit - Thermal [Yes/No]","Performance Limit - Reliability Voltage [Yes/No]","Performance Limit - Max Operating Voltage [Yes/No]","Performance Limit - Utilization [Yes/No]","Performance Limit - SLI GPUBoost Sync [Yes/No]","Total GPU Power [% of TDP] [%]","Total GPU Power (normalized) [% of TDP] [%]","PCI Express Error Counters (avg) []","Receiver Errors []","Replay Count []","Replay Rollover Count []","Bad DLLP Count []","Bad TLP Count []","LCRC Error Count []","NAKs Sent Count []","NAKs Received Count []","Recovery Count []","Correctable Error Count []","Non-Fatal Error Count []","Fatal Error Count []","Unsupported Request Count []","PCIe Lane 0 Errors []","PCIe Lane 1 Errors []","PCIe Lane 2 Errors []","PCIe Lane 3 Errors []","PCIe Lane 4 Errors []","PCIe Lane 5 Errors []","PCIe Lane 6 Errors []","PCIe Lane 7 Errors []","PCIe Lane 8 Errors []","PCIe Lane 9 Errors []","PCIe Lane 10 Errors []","PCIe Lane 11 Errors []","PCIe Lane 12 Errors []","PCIe Lane 13 Errors []","PCIe Lane 14 Errors []","PCIe Lane 15 Errors []","GPU Memory Available [MB]","GPU Memory Allocated [MB]","GPU D3D Memory Dedicated [MB]","GPU D3D Memory Dynamic [MB]","PCIe Link Speed [GT/s]","Framerate [FPS]","Framerate 1% Low [FPS]","Framerate 0.1% Low [FPS]","Frame Time [ms]","Framerate Presented (avg) [FPS]","Framerate Presented (99%) [FPS]","Framerate Presented (1%) [FPS]","Framerate Presented (0.1%) [FPS]","Framerate Presented (1% low) [FPS]","Framerate Presented (0.1% low) [FPS]","Framerate Displayed (avg) [FPS]","Framerate Displayed (99%) [FPS]","Framerate Displayed (1%) [FPS]","Framerate Displayed (0.1%) [FPS]","Framerate Displayed (1% low) [FPS]","Framerate Displayed (0.1% low) [FPS]","Frame Time Presented (avg) [ms]","Frame Time Presented (99%) [ms]","Frame Time Presented (1%) [ms]","Frame Time Presented (0.1%) [ms]","Frame Time Displayed (1% high) [ms]","Frame Time Displayed (0.1% high) [ms]","GPU Busy (avg) [ms]","GPU Wait (avg) [ms]","CPU Busy (avg) [ms]","CPU Wait (avg) [ms]","Animation Error (avg) [ms]","Total DL [MB]","Total UP [MB]","Current DL rate [KB/s]","Current UP rate [KB/s]","Total Errors []","iGPU [V]",
2026-05-28T00:25:07.70103Z,41244,6331,86.6,16047,16681,49.0,3.1,14848,457,1.168,1.175,1.178,1.161,1.143,1.176,1.176,4300.0,4300.0,4300.0,4300.0,4300.0,4300.0,4300.0,100.0,4000.0,1000.0,861.6,1240.6,541.0,926.5,1284.4,1026.5,522.7,622.2,764.5,1048.2,496.9,1231.6,634.6,861.6,17.4,18.8,9.4,17.2,26.6,21.9,7.8,17.2,18.8,21.9,6.2,34.4,9.4,34.4,17.4,100.0,24.0,35.6,15.2,25.8,35.7,28.6,14.4,17.8,20.6,29.3,13.9,35.6,15.1,24.0,43.0,43.0,43.0,43.0,43.0,43.0,43.0,40.0,47,44,48,47,53,42,47,53,56,52,53,47,58,53,53,53,No,No,No,No,No,No,No,No,No,No,No,No,No,No,No,No,No,No,No,No,No,No,No,No,48,48,38,0.000,0.000,0.000,0.000,0.000,0.000,25.520,30.589,29.005,0.969,1.645,95.0,120.0,24.0,24.0,24.0,20.0,28.9,12.6,21.5,29.9,23.9,12.2,14.5,17.8,24.4,11.6,28.6,14.8,4.4,1.6,3.1,7.3,8.5,3.9,2.0,30.1,3.1,20.7,40.7,52.8,41.8,21.6,1066.7,10.67,15,15,15,36,51,587,2,Yes,No,No,No,No,No,No,No,No,No,No,No,Yes,Yes,No,No,No,No,No,No,No,No,No,No,No,No,No,No,No,No,No,No,No,No,No,No,No,No,No,No,33.0,47.0,28.0,22.0,36.0,36.0,1.176,5.120,3.344,3.312,11.904,0.960,3.328,2.976,1.040,1.064,0.992,1.200,1.520,511,No,36.0,39,67.0,No,No,79782,18546,30778,30,No,No,30,No,No,0.0,0.4,0.4,0.000,0.281,99901,46400,0.0,0.0,0.0,0.000,0.016,11894,2588,0.0,38.0,38.0,0.000,0.291,47915,1660,73.9,89.0,79.0,0.963,11.670,11.853,11.617,11.541,1543,0,152.502,72.265,122.587,42.219,113.215,39.446,110.335,44.731,4.183,101.408,1732.0,1825.2,1612.0,1746.1,1740.0,95.0,92.0,0.0,3.0,95.3,14.7,21.8,0.0,0.0,0.0,96.1,0.0,0.0,0.0,46,46,Yes,Yes,No,No,No,No,No,91.2,85.7,98,0,0,0,0,0,0,0,0,2829,0,0,0,0,0,0,0,0,0,0,0,0,0,0,0,0,0,0,0,0,579,11709,11546,252,8.0,0,0,0,0.0,60.0,67.5,54.5,51.0,50.6,50.6,60.0,60.2,59.8,59.8,59.8,59.8,16.67,21.08,12.16,10.67,22.95,22.95,2.05,14.46,16.25,0.41,0.60,22498,1771,0.7,0.2,0,0.000,
2026-05-28T00:25:08.33603Z,41203,6372,86.6,16020,16708,48.9,3.1,14848,457,1.192,1.191,1.194,1.190,1.193,1.193,1.190,4300.0,4300.0,4300.0,4300.0,4300.0,4300.0,4300.0,100.0,4000.0,1000.0,1974.6,2364.5,2124.7,2247.9,1551.5,2173.3,1526.6,2268.7,1781.2,2173.4,1668.1,2281.9,1533.3,1974.6,42.6,56.2,51.6,46.9,32.8,40.6,37.5,50.0,42.2,42.2,31.2,51.6,28.1,56.2,42.6,100.0,55.4,67.7,60.3,62.6,43.1,60.9,42.4,63.4,49.5,60.4,46.1,64.1,43.9,55.3,43.0,43.0,43.0,43.0,43.0,43.0,43.0,40.0,56,53,59,59,59,54,55,44,47,41,41,41,46,45,61,59,No,No,No,No,No,No,No,No,No,No,No,No,No,No,No,No,No,No,No,No,No,No,No,No,61,61,41,0.000,0.000,0.000,0.000,0.000,0.000,64.071,51.960,50.128,1.614,1.834,95.0,120.0,24.0,24.0,24.0,45.9,55.0,49.4,52.3,36.1,50.5,35.5,52.7,41.4,50.5,38.7,53.0,35.7,1.2,0.0,2.8,0.5,0.2,2.1,1.3,4.3,0.2,8.3,5.2,5.9,5.0,1.2,1066.7,10.67,15,15,15,36,51,587,2,Yes,No,No,No,No,No,No,No,No,No,No,No,Yes,Yes,No,No,No,No,No,No,No,No,No,No,No,No,No,No,No,No,No,No,No,No,No,No,No,No,No,No,33.0,47.0,28.0,22.0,43.0,43.0,1.184,5.120,3.344,3.328,11.904,0.960,3.328,2.976,1.040,1.064,0.992,1.200,1.520,515,No,36.0,39,67.0,No,No,79782,18546,30778,30,No,No,30,No,No,0.0,0.1,0.2,0.008,0.141,99901,46400,0.0,0.0,0.0,0.032,0.000,11894,2588,0.0,50.6,50.6,0.000,24.010,47915,1683,73.9,89.5,79.0,1.006,11.655,11.839,11.599,11.527,1550,0,152.224,77.118,130.883,44.668,117.892,39.110,117.811,44.317,29.130,93.132,1777.0,1825.2,1657.0,1738.8,1785.0,96.0,80.0,0.0,6.0,95.1,15.0,23.7,0.0,0.0,0.0,95.9,0.0,0.0,0.0,46,46,Yes,Yes,No,No,No,No,No,95.4,89.6,98,0,0,0,0,0,0,0,0,2829,0,0,0,0,0,0,0,0,0,0,0,0,0,0,0,0,0,0,0,0,596,11692,11529,253,8.0,0,0,0,0.0,60.0,84.3,48.9,48.7,48.6,48.6,60.0,60.2,59.8,59.8,59.8,59.8,16.67,21.05,11.79,11.67,21.51,21.51,2.07,14.53,16.20,0.47,1.00,22498,1771,0.2,0.4,0,0.000,
2026-05-28T00:25:09.34003Z,41220,6355,86.6,16031,16697,48.9,3.1,14848,457,1.214,1.214,1.208,1.222,1.208,1.212,1.218,4352.1,4302.1,4302.1,4402.2,4402.2,4402.2,4302.1,100.0,4002.0,1000.5,1177.1,1771.1,1191.1,1603.4,662.2,1271.4,971.3,1838.2,864.5,1246.3,759.4,1196.5,749.6,1177.1,27.1,29.7,31.2,45.3,10.9,31.2,21.9,43.8,18.8,26.6,12.5,34.4,18.8,45.3,27.1,100.0,34.2,52.1,34.5,46.4,19.3,36.8,27.6,52.2,24.7,36.2,22.0,35.5,23.3,34.3,43.5,43.0,43.0,44.0,44.0,44.0,43.0,40.0,45,44,42,43,41,50,51,55,56,58,57,59,50,49,52,51,No,No,No,No,No,No,No,No,No,No,No,No,No,No,No,No,No,No,No,No,No,No,No,No,49,49,39,0.000,0.000,0.000,0.000,0.000,0.000,27.692,38.717,37.048,1.157,1.693,95.0,120.0,24.0,24.0,24.0,27.3,40.9,27.7,37.0,15.4,29.5,22.5,42.6,20.0,28.9,17.6,27.7,17.4,3.9,1.5,7.7,2.9,0.4,6.1,4.7,18.6,1.8,21.4,25.8,16.1,30.7,15.5,1067.2,10.67,15,15,15,36,51,587,2,Yes,No,No,No,No,No,No,No,No,No,No,No,Yes,Yes,No,No,No,No,No,No,No,No,No,No,No,No,No,No,No,No,No,No,No,No,No,No,No,No,No,No,33.0,47.0,28.0,22.0,38.0,38.0,1.168,5.120,3.344,3.328,11.904,0.960,3.328,2.976,1.040,1.064,0.992,1.200,1.520,533,No,36.5,39,67.0,No,No,79782,18546,30778,30,No,No,30,No,No,0.0,0.5,0.5,0.000,0.760,99901,46401,0.0,0.0,0.0,0.000,0.004,11894,2588,0.0,15.6,15.6,0.000,7.640,47915,1691,73.8,89.0,79.0,1.000,11.664,11.849,11.610,11.535,1555,0,152.228,75.126,123.850,42.513,114.124,39.587,111.479,44.782,30.794,93.878,1770.0,1825.2,1650.0,1760.9,1777.0,95.0,91.0,0.0,3.0,95.1,14.7,21.2,0.0,0.0,0.0,96.1,0.0,0.0,0.0,46,46,Yes,Yes,No,No,No,No,No,91.9,86.2,98,0,0,0,0,0,0,0,0,2829,0,0,0,0,0,0,0,0,0,0,0,0,0,0,0,0,0,0,0,0,596,11692,11529,253,8.0,0,0,0,0.0,60.1,69.4,52.5,51.2,51.1,51.1,60.0,60.3,59.7,59.6,59.6,59.6,16.63,23.19,10.40,6.40,27.78,27.78,2.08,14.36,16.07,0.56,1.09,22498,1771,1.3,0.4,0,0.000,
2026-05-28T00:25:10.33303Z,41210,6365,86.6,16022,16705,48.9,3.1,14848,457,1.193,1.173,1.193,1.199,1.198,1.197,1.196,4300.0,4300.0,4300.0,4300.0,4300.0,4300.0,4300.0,100.0,4000.0,1000.0,783.0,1100.7,1038.7,1043.2,609.5,630.0,574.2,1359.9,280.2,1097.4,190.8,572.9,898.3,783.0,16.7,13.8,23.1,26.2,12.3,13.8,12.3,33.8,7.7,20.0,3.1,12.3,21.5,33.8,16.7,100.0,22.6,33.1,29.5,29.9,18.1,17.7,16.4,38.6,8.1,31.1,5.6,17.6,26.0,22.6,43.0,43.0,43.0,43.0,43.0,43.0,43.0,40.0,48,52,46,54,44,50,44,52,48,54,46,56,50,56,52,54,No,No,No,No,No,No,No,No,No,No,No,No,No,No,No,No,No,No,No,No,No,No,No,No,54,54,39,0.000,0.000,0.000,0.000,0.000,0.000,25.520,30.104,28.567,0.822,1.599,95.0,120.0,24.0,24.0,24.0,18.1,25.4,24.0,24.1,14.1,14.6,13.2,31.3,6.5,25.3,4.4,13.3,20.9,2.3,0.5,1.0,7.4,1.0,1.9,2.1,32.6,1.6,40.3,47.2,37.7,40.6,28.3,1066.7,10.67,15,15,15,36,51,587,2,Yes,No,No,No,No,No,No,No,No,No,No,No,Yes,Yes,No,No,No,No,No,No,No,No,No,No,No,No,No,No,No,No,No,No,No,No,No,No,No,No,No,No,33.0,47.0,28.0,22.0,36.0,36.0,1.184,5.120,3.344,3.328,11.904,0.960,3.328,2.976,1.040,1.064,0.992,1.200,1.520,521,No,36.0,39,67.0,No,No,79782,18546,30778,30,No,No,30,No,No,0.0,0.1,0.1,0.000,0.230,99901,46401,0.0,0.1,0.1,0.000,0.065,11894,2588,0.0,75.3,75.3,0.000,6.526,47915,1697,74.0,88.8,79.0,0.969,11.678,11.860,11.625,11.548,1541,0,152.342,73.910,120.404,41.380,111.961,39.483,108.378,44.582,31.688,93.406,1732.0,1825.2,1612.0,1737.7,1740.0,94.0,94.0,0.0,3.0,95.1,14.2,17.3,0.0,0.0,0.0,96.4,0.0,0.0,0.0,47,47,Yes,Yes,No,No,No,No,No,90.0,78.4,98,0,0,0,0,0,0,0,0,2829,0,0,0,0,0,0,0,0,0,0,0,0,0,0,0,0,0,0,0,0,596,11692,11529,252,8.0,0,0,0,0.0,58.8,85.7,34.5,28.5,27.9,27.9,58.9,60.1,41.0,30.8,30.0,30.0,17.00,27.42,12.04,10.05,31.64,31.64,2.17,14.68,16.46,0.54,0.87,22498,1771,0.9,0.3,0,0.000,
2026-05-28T00:25:11.35203Z,41186,6390,86.5,16023,16704,48.9,3.1,14848,457,1.209,1.218,1.201,1.200,1.204,1.208,1.222,4333.3,4400.0,4300.0,4300.0,4300.0,4300.0,4400.0,100.0,4100.0,1000.0,774.5,1320.8,630.9,1450.8,485.8,925.9,402.4,706.9,348.2,964.8,347.3,1367.8,342.0,774.5,14.3,20.3,6.2,26.6,10.9,21.9,9.4,12.5,4.7,20.3,3.1,32.8,3.1,32.8,14.3,100.0,22.3,38.4,18.4,40.7,14.1,26.9,11.6,20.3,10.0,27.9,10.0,38.9,10.4,22.3,43.3,44.0,43.0,43.0,43.0,43.0,44.0,41.0,46,49,45,46,44,43,52,54,51,55,54,56,57,48,49,52,No,No,No,No,No,No,No,No,No,No,No,No,No,No,No,No,No,No,No,No,No,No,No,No,50,50,38,0.000,0.000,0.000,0.000,0.000,0.000,29.321,29.787,28.184,0.832,1.602,95.0,120.0,24.0,24.0,24.0,18.0,30.6,14.6,33.7,11.3,21.5,9.3,16.4,8.1,22.4,8.1,31.6,7.9,3.6,0.7,1.4,3.9,4.3,8.4,2.8,32.7,1.8,29.5,41.8,57.9,38.7,26.5,1066.7,10.67,15,15,15,36,51,587,2,Yes,No,No,No,No,No,No,No,No,No,No,No,Yes,Yes,No,No,No,No,No,No,No,No,No,No,No,No,No,No,No,No,No,No,No,No,No,No,No,No,No,No,33.0,47.0,28.0,22.0,36.0,36.0,1.168,5.120,3.344,3.328,11.904,0.960,3.328,2.976,1.040,1.064,0.992,1.200,1.520,514,No,36.5,39,67.0,No,No,79782,18546,30778,30,No,No,30,No,No,0.0,0.2,0.2,0.000,0.097,99901,46401,0.0,0.1,0.1,0.000,0.024,11894,2588,0.0,10.9,10.9,0.000,6.459,47915,1703,73.6,89.2,79.0,0.994,11.689,11.878,11.636,11.551,1536,0,152.318,70.864,122.437,41.646,113.788,40.141,110.200,44.922,4.304,89.474,1732.0,1825.2,1612.0,1734.6,1740.0,94.0,94.0,0.0,3.0,95.1,14.2,17.5,0.0,0.0,0.0,96.0,0.0,0.0,0.0,47,47,Yes,Yes,No,No,No,No,No,88.1,94.8,98,0,0,0,0,0,0,0,0,2829,0,0,0,0,0,0,0,0,0,0,0,0,0,0,0,0,0,0,0,0,596,11692,11529,251,8.0,0,0,0,0.0,58.9,68.2,38.3,28.7,27.9,27.9,58.9,60.3,41.0,30.8,30.0,30.0,16.97,26.04,14.75,13.81,35.68,35.68,2.13,14.85,16.71,0.26,0.86,22498,1771,0.6,0.4,0,0.000,
2026-05-28T00:25:12.35503Z,41189,6387,86.5,16024,16703,48.9,3.1,14848,457,1.186,1.148,1.166,1.199,1.196,1.213,1.192,4299.0,4299.0,4299.0,4299.0,4299.0,4299.0,4299.0,100.0,3999.0,999.8,846.4,1305.1,778.5,1177.7,466.7,935.7,599.4,900.0,581.6,1580.4,389.8,974.8,467.3,846.4,17.6,29.2,13.8,23.1,7.7,16.9,13.8,23.1,16.9,32.3,6.2,20.0,7.7,32.3,17.6,100.0,24.3,38.2,22.4,33.5,13.5,26.9,16.7,26.2,16.4,44.4,11.1,28.5,13.8,24.3,43.0,43.0,43.0,43.0,43.0,43.0,43.0,40.0,46,54,43,46,44,49,40,54,46,57,54,56,51,60,54,54,No,No,No,No,No,No,No,No,No,No,No,No,No,No,No,No,No,No,No,No,No,No,No,No,51,51,39,0.000,0.000,0.000,0.000,0.000,0.000,38.551,31.661,30.061,0.936,1.627,95.0,120.0,24.0,24.0,24.0,19.6,30.3,18.0,27.2,10.8,21.7,13.9,20.9,13.5,36.6,9.1,22.6,10.8,7.0,1.4,5.2,10.7,6.8,6.7,11.1,25.3,1.9,28.0,37.5,35.9,24.3,24.1,1066.4,10.67,15,15,15,36,51,587,2,Yes,No,No,No,No,No,No,No,No,No,No,No,Yes,Yes,No,No,No,No,No,No,No,No,No,No,No,No,No,No,No,No,No,No,No,No,No,No,No,No,No,No,33.0,47.0,28.0,22.0,36.0,36.0,1.176,5.120,3.344,3.328,11.904,0.960,3.328,2.976,1.040,1.064,0.992,1.200,1.520,514,No,36.5,39,67.0,No,No,79782,18546,30778,30,No,No,30,No,No,0.0,0.0,0.0,0.000,0.000,99901,46401,0.0,0.0,0.0,0.000,0.000,11894,2588,0.0,12.5,12.5,0.000,6.569,47915,1710,73.6,88.8,79.0,0.981,11.711,11.893,11.660,11.580,1543,0,152.112,67.576,114.597,39.555,107.764,38.759,103.154,43.743,4.056,88.984,1747.0,1825.2,1627.0,1736.5,1755.0,95.0,93.0,0.0,3.0,95.1,14.4,19.4,0.0,0.0,0.0,96.1,0.0,0.0,0.0,47,47,Yes,Yes,No,No,No,No,No,91.0,86.1,98,0,0,0,0,0,0,0,0,2829,0,0,0,0,0,0,0,0,0,0,0,0,0,0,0,0,0,0,0,0,604,11684,11521,246,8.0,0,0,0,0.0,60.0,67.7,54.9,53.2,53.0,53.0,60.0,60.2,59.8,59.8,59.8,59.8,16.67,22.00,11.51,8.72,25.86,25.86,2.04,14.56,16.21,0.46,0.75,22498,1771,1.3,0.6,0,0.000,
2026-05-28T00:25:13.36003Z,41188,6387,86.5,16014,16713,48.9,3.1,14848,457,1.198,1.201,1.199,1.199,1.188,1.203,1.201,4299.0,4299.0,4299.0,4299.0,4299.0,4299.0,4299.0,100.0,3999.0,999.8,1081.0,1631.0,1138.3,1814.7,689.0,1852.3,596.3,1156.1,779.7,905.7,420.2,1081.3,907.7,1081.0,24.2,42.2,21.9,39.1,18.8,42.2,14.1,23.4,18.8,18.8,7.8,20.3,23.4,42.2,24.2,100.0,30.3,46.5,31.7,50.5,19.2,51.3,16.4,33.3,21.4,26.0,11.9,30.2,25.5,30.3,43.0,43.0,43.0,43.0,43.0,43.0,43.0,40.0,48,44,53,55,44,52,43,52,56,47,45,56,48,57,56,55,No,No,No,No,No,No,No,No,No,No,No,No,No,No,No,No,No,No,No,No,No,No,No,No,57,57,40,0.000,0.000,0.000,0.000,0.000,0.000,47.782,36.102,34.435,1.129,1.693,95.0,120.0,24.0,24.0,24.0,25.1,37.9,26.5,42.2,16.0,43.1,13.9,26.9,18.1,21.1,9.8,25.1,21.1,5.5,0.2,4.0,4.0,6.8,12.6,5.3,18.9,0.9,11.4,18.8,19.3,32.1,31.0,1066.4,10.67,15,15,15,36,51,587,2,Yes,No,No,No,No,No,No,No,No,No,No,No,Yes,Yes,No,No,No,No,No,No,No,No,No,No,No,No,No,No,No,No,No,No,No,No,No,No,No,No,No,No,33.0,47.0,28.0,22.0,38.0,38.0,1.184,5.120,3.344,3.312,11.904,0.960,3.328,2.976,1.040,1.064,0.992,1.200,1.520,515,No,36.5,39,67.0,No,No,79782,18546,30778,30,No,No,30,No,No,0.0,0.0,0.0,0.000,0.000,99901,46401,0.0,0.0,0.0,0.000,0.000,11894,2588,0.0,12.2,12.2,0.000,6.472,47915,1716,73.8,89.1,79.0,0.988,11.688,11.872,11.639,11.554,1546,0,152.453,72.736,117.977,40.639,110.648,39.687,106.190,44.809,32.927,89.013,1747.0,1825.2,1635.0,1741.1,1762.0,95.0,94.0,0.0,3.0,95.1,14.4,18.9,0.0,0.0,0.0,96.4,0.0,0.0,0.0,47,47,Yes,Yes,No,No,No,No,No,90.4,96.1,98,0,0,0,0,0,0,0,0,2829,0,0,0,0,0,0,0,0,0,0,0,0,0,0,0,0,0,0,0,0,596,11692,11529,247,8.0,0,0,0,0.0,60.0,68.1,54.8,52.2,52.0,52.0,60.0,60.2,59.9,59.9,59.9,59.9,16.67,18.84,14.46,13.98,18.85,18.85,2.11,14.54,16.34,0.33,0.52,22498,1771,72.6,1.1,0,0.000,
2026-05-28T00:25:14.35503Z,41240,6336,86.6,16045,16682,49.0,3.1,14848,457,1.186,1.196,1.197,1.176,1.175,1.161,1.208,4296.9,4296.9,4296.9,4296.9,4296.9,4296.9,4296.9,99.9,3997.1,999.3,1020.9,1501.0,806.6,932.8,1021.1,1121.3,834.1,1592.4,819.7,1425.4,485.8,1272.9,438.3,1020.9,19.9,31.2,12.5,15.6,20.3,25.0,18.8,42.2,15.6,21.9,7.8,23.4,4.7,42.2,19.9,100.0,28.3,42.9,22.8,26.5,28.3,31.3,22.9,44.6,22.7,38.0,13.5,33.5,12.5,28.3,43.0,43.0,43.0,43.0,43.0,43.0,43.0,40.0,47,43,45,51,44,48,50,53,57,55,49,56,52,50,51,51,No,No,No,No,No,No,No,No,No,No,No,No,No,No,No,No,No,No,No,No,No,No,No,No,50,50,39,0.000,0.000,0.000,0.000,0.000,0.000,47.239,34.576,32.970,1.014,1.653,95.0,120.0,24.0,24.0,24.0,23.7,34.9,18.8,21.7,23.7,26.1,19.4,37.0,19.1,33.1,11.3,29.6,10.2,5.6,6.1,3.5,4.9,2.5,10.7,6.1,21.4,7.1,25.3,26.5,9.6,27.8,32.3,1065.9,10.67,15,15,15,36,51,587,2,Yes,No,No,No,No,No,No,No,No,No,No,No,Yes,Yes,No,No,No,No,No,No,No,No,No,No,No,No,No,No,No,No,No,No,No,No,No,No,No,No,No,No,33.0,47.0,28.0,22.0,38.0,38.0,1.168,5.120,3.344,3.328,11.904,0.960,3.328,2.976,1.040,1.064,0.992,1.200,1.520,511,No,36.5,39,67.0,No,No,79782,18546,30778,30,No,No,30,No,No,0.0,0.0,0.0,0.000,0.013,99901,46401,0.0,0.0,0.0,0.000,0.000,11894,2588,0.0,12.7,12.7,0.000,6.849,47915,1722,74.0,90.2,79.0,0.969,11.683,11.855,11.626,11.567,1525,0,152.521,73.980,126.712,43.011,110.388,34.180,114.051,39.064,26.401,98.035,1732.0,1825.2,1620.0,1740.6,1747.0,96.0,70.0,0.0,4.0,95.2,14.6,20.8,0.0,0.0,0.0,95.9,0.0,0.0,0.0,47,47,Yes,Yes,No,No,No,No,No,89.8,87.7,98,0,0,0,0,0,0,0,0,2829,0,0,0,0,0,0,0,0,0,0,0,0,0,0,0,0,0,0,0,0,585,11703,11540,249,8.0,0,0,0,0.0,68.3,90.4,58.2,58.2,58.2,58.2,60.0,60.0,59.9,59.9,59.9,59.9,14.62,17.14,11.00,10.94,17.15,17.15,1.65,0.73,14.49,0.13,2.84,22498,1771,0.3,0.4,0,0.000,
Date/Time,"Virtual Memory Committed [MB]","Virtual Memory Available [MB]","Virtual Memory Load [%]","Physical Memory Used [MB]","Physical Memory Available [MB]","Physical Memory Load [%]","Page File Usage [%]","Page File Total [MB]","Page File Used [MB]","Core VIDs (avg) [V]","Core 0 VID [V]","Core 1 VID [V]","Core 2 VID [V]","Core 3 VID [V]","Core 4 VID [V]","Core 5 VID [V]","Core Clocks (avg) [MHz]","Core 0 Clock [MHz]","Core 1 Clock [MHz]","Core 2 Clock [MHz]","Core 3 Clock [MHz]","Core 4 Clock [MHz]","Core 5 Clock [MHz]","Bus Clock [MHz]","Ring/LLC Clock [MHz]","System Agent Clock [MHz]","Core Effective Clocks (avg) [MHz]","Core 0 T0 Effective Clock [MHz]","Core 0 T1 Effective Clock [MHz]","Core 1 T0 Effective Clock [MHz]","Core 1 T1 Effective Clock [MHz]","Core 2 T0 Effective Clock [MHz]","Core 2 T1 Effective Clock [MHz]","Core 3 T0 Effective Clock [MHz]","Core 3 T1 Effective Clock [MHz]","Core 4 T0 Effective Clock [MHz]","Core 4 T1 Effective Clock [MHz]","Core 5 T0 Effective Clock [MHz]","Core 5 T1 Effective Clock [MHz]","Average Effective Clock [MHz]","Core Usage (avg) [%]","Core 0 T0 Usage [%]","Core 0 T1 Usage [%]","Core 1 T0 Usage [%]","Core 1 T1 Usage [%]","Core 2 T0 Usage [%]","Core 2 T1 Usage [%]","Core 3 T0 Usage [%]","Core 3 T1 Usage [%]","Core 4 T0 Usage [%]","Core 4 T1 Usage [%]","Core 5 T0 Usage [%]","Core 5 T1 Usage [%]","Max CPU/Thread Usage [%]","Total CPU Usage [%]","On-Demand Clock Modulation [%]","Core Utility (avg) [%]","Core 0 T0 Utility [%]","Core 0 T1 Utility [%]","Core 1 T0 Utility [%]","Core 1 T1 Utility [%]","Core 2 T0 Utility [%]","Core 2 T1 Utility [%]","Core 3 T0 Utility [%]","Core 3 T1 Utility [%]","Core 4 T0 Utility [%]","Core 4 T1 Utility [%]","Core 5 T0 Utility [%]","Core 5 T1 Utility [%]","Total CPU Utility [%]","Core Ratios (avg) [x]","Core 0 Ratio [x]","Core 1 Ratio [x]","Core 2 Ratio [x]","Core 3 Ratio [x]","Core 4 Ratio [x]","Core 5 Ratio [x]","Uncore Ratio [x]","Core Temperatures (avg) [°C]","Core 0 [°C]","Core 1 [°C]","Core 2 [°C]","Core 3 [°C]","Core 4 [°C]","Core 5 [°C]","Core Distance to TjMAX (avg) [°C]","Core 0 Distance to TjMAX [°C]","Core 1 Distance to TjMAX [°C]","Core 2 Distance to TjMAX [°C]","Core 3 Distance to TjMAX [°C]","Core 4 Distance to TjMAX [°C]","Core 5 Distance to TjMAX [°C]","CPU Package [°C]","Core Max [°C]","Core Thermal Throttling (avg) [Yes/No]","Core 0 Thermal Throttling [Yes/No]","Core 1 Thermal Throttling [Yes/No]","Core 2 Thermal Throttling [Yes/No]","Core 3 Thermal Throttling [Yes/No]","Core 4 Thermal Throttling [Yes/No]","Core 5 Thermal Throttling [Yes/No]","Core Critical Temperature (avg) [Yes/No]","Core 0 Critical Temperature [Yes/No]","Core 1 Critical Temperature [Yes/No]","Core 2 Critical Temperature [Yes/No]","Core 3 Critical Temperature [Yes/No]","Core 4 Critical Temperature [Yes/No]","Core 5 Critical Temperature [Yes/No]","Core Power Limit Exceeded (avg) [Yes/No]","Core 0 Power Limit Exceeded [Yes/No]","Core 1 Power Limit Exceeded [Yes/No]","Core 2 Power Limit Exceeded [Yes/No]","Core 3 Power Limit Exceeded [Yes/No]","Core 4 Power Limit Exceeded [Yes/No]","Core 5 Power Limit Exceeded [Yes/No]","Package/Ring Thermal Throttling [Yes/No]","Package/Ring Critical Temperature [Yes/No]","Package/Ring Power Limit Exceeded [Yes/No]","CPU Package [°C]","CPU IA Cores [°C]","CPU GT Cores (Graphics) [°C]","Voltage Offsets (avg) [V]","IA Voltage Offset [V]","GT (Slice) Voltage Offset [V]","CLR (CBo/LLC/Ring) Voltage Offset [V]","GT (Unslice) Voltage Offset [V]","Uncore/SA Voltage Offset [V]","VR VCC Current (SVID IOUT) [A]","CPU Package Power [W]","IA Cores Power [W]","Total DRAM Power [W]","Rest-of-Chip Power [W]","PL1 Power Limit (Static) [W]","PL2 Power Limit (Static) [W]","OC Ratio Limits (avg) [x]","GT (Slice) OC Ratio Limit [x]","GT (Unslice) OC Ratio Limit [x]","Core C0 Residency (avg) [%]","Core 0 T0 C0 Residency [%]","Core 0 T1 C0 Residency [%]","Core 1 T0 C0 Residency [%]","Core 1 T1 C0 Residency [%]","Core 2 T0 C0 Residency [%]","Core 2 T1 C0 Residency [%]","Core 3 T0 C0 Residency [%]","Core 3 T1 C0 Residency [%]","Core 4 T0 C0 Residency [%]","Core 4 T1 C0 Residency [%]","Core 5 T0 C0 Residency [%]","Core 5 T1 C0 Residency [%]","Core C3 Residency (avg) [%]","Core 0 C3 Residency [%]","Core 1 C3 Residency [%]","Core 2 C3 Residency [%]","Core 3 C3 Residency [%]","Core 4 C3 Residency [%]","Core 5 C3 Residency [%]","Core C7 Residency (avg) [%]","Core 0 C7 Residency [%]","Core 1 C7 Residency [%]","Core 2 C7 Residency [%]","Core 3 C7 Residency [%]","Core 4 C7 Residency [%]","Core 5 C7 Residency [%]","Memory Clock [MHz]","Memory Clock Ratio [x]","Tcas [T]","Trcd [T]","Trp [T]","Tras [T]","Trc [T]","Trfc [T]","Command Rate [T]","IA Limit Reasons (avg) [Yes/No]","IA: PROCHOT [Yes/No]","IA: Thermal Event [Yes/No]","IA: DDR RAPL [Yes/No]","IA: PCS (PECI) [Yes/No]","IA: Residency State Regulation [Yes/No]","IA: Running Average Thermal Limit [Yes/No]","IA: VR Thermal Alert [Yes/No]","IA: VR TDC [Yes/No]","IA: Electrical Design Point/Other (ICCmax PL4 SVID DDR RAPL) [Yes/No]","IA: Package-Level RAPL/PBM PL1 [Yes/No]","IA: Package-Level RAPL/PBM PL2 PL3 [Yes/No]","IA: Max Turbo Limit [Yes/No]","IA: Turbo Attenuation (MCT) [Yes/No]","IA: Thermal Velocity Boost [Yes/No]","GT Limit Reasons (avg) [Yes/No]","GT: PROCHOT [Yes/No]","GT: Thermal Event [Yes/No]","GT: DDR RAPL [Yes/No]","GT: Residency State Regulation [Yes/No]","GT: Running Average Thermal Limit [Yes/No]","GT: VR Thermal Alert [Yes/No]","GT: VR TDC [Yes/No]","GT: Max VR Voltage  ICCmax  PL4 [Yes/No]","GT: Domain-Level PBM PLGT [Yes/No]","GT: Package-Level RAPL/PBM PL1 [Yes/No]","GT: Package-Level RAPL/PBM PL2 PL3 [Yes/No]","GT: Inefficient Operation [Yes/No]","GT: Fuses limit [Yes/No]","Ring Limit Reasons (avg) [Yes/No]","RING: PROCHOT [Yes/No]","RING: Thermal Event [Yes/No]","RING: DDR RAPL [Yes/No]","RING: Residency State Regulation [Yes/No]","RING: Running Average Thermal Limit [Yes/No]","RING: VR Thermal Alert [Yes/No]","RING: VR TDC [Yes/No]","RING: Max VR Voltage  ICCmax  PL4 [Yes/No]","RING: Package-Level RAPL/PBM PL1 [Yes/No]","RING: Package-Level RAPL/PBM PL2 PL3 [Yes/No]","System [°C]","MOS [°C]","Auxiliary [°C]","AUXTIN1 [°C]","CPU (PECI) [°C]","CPU [°C]","Vcore [V]","+5V [V]","+3.3V (AVCC) [V]","+3.3V (3VCC) [V]","+12V [V]","CPU I/O [V]","3VSB [V]","VBAT [V]","VTT [V]","VCCSA [V]","PCH [V]","DIMM [V]","VIN7 [V]","CPU [RPM]","Chassis Intrusion [Yes/No]","PCH Temperature [°C]","Drive Temperature [°C]","Drive Remaining Life [%]","Drive Failure [Yes/No]","Drive Warning [Yes/No]","Total Host Writes [GB]","Total NAND Writes [GB]","Total Host Reads [GB]","Drive Temperature [°C]","Drive Failure [Yes/No]","Drive Warning [Yes/No]","Drive Temperature [°C]","Drive Failure [Yes/No]","Drive Warning [Yes/No]","Read Activity [%]","Write Activity [%]","Total Activity [%]","Read Rate [MB/s]","Write Rate [MB/s]","Read Total [MB]","Write Total [MB]","Read Activity [%]","Write Activity [%]","Total Activity [%]","Read Rate [MB/s]","Write Rate [MB/s]","Read Total [MB]","Write Total [MB]","Read Activity [%]","Write Activity [%]","Total Activity [%]","Read Rate [MB/s]","Write Rate [MB/s]","Read Total [MB]","Write Total [MB]","GPU Temperature [°C]","GPU Hot Spot Temperature [°C]","GPU Thermal Limit [°C]","GPU Core Voltage [V]","GPU Rail Voltages (avg) [V]","GPU PCIe +12V Input Voltage [V]","GPU 8-pin #1 Input Voltage [V]","GPU Misc0 Input Voltage [V]","GPU Fan1 [RPM]","GPU Fan2 [RPM]","GPU Power [W]","GPU Rail Powers (avg) [W]","GPU Core (NVVDD) Input Power (sum) [W]","GPU PCIe +12V Input Power [W]","GPU 8-pin #1 Input Power [W]","GPU Misc0 Input Power [W]","GPU Core (NVVDD2) Input Power (sum) [W]","GPU Input PP Source Power (sum) [W]","GPU Core (NVVDD) Output Power [W]","GPU Core (NVVDD) Output Power [W]","GPU Clock [MHz]","GPU Memory Clock [MHz]","GPU Video Clock [MHz]","GPU Effective Clock [MHz]","GPU Crossbar Clock [MHz]","GPU Core Load [%]","GPU Memory Controller Load [%]","GPU Video Engine Load [%]","GPU Bus Load [%]","GPU Memory Usage [%]","GPU D3D Usages (avg) [%]","GPU D3D Usage [%]","GPU Video Decode 0 Usage [%]","GPU Video Encode 0 Usage [%]","GPU Computing (Compute_0) Usage [%]","GPU Computing (Cuda) Usage [%]","GPU Computing (Compute_1) Usage [%]","GPU VR Usage [%]","GPU Graphics Usage [%]","GPU Fan1 [%]","GPU Fan2 [%]","GPU Performance Limiters (avg) [Yes/No]","Performance Limit - Power [Yes/No]","Performance Limit - Thermal [Yes/No]","Performance Limit - Reliability Voltage [Yes/No]","Performance Limit - Max Operating Voltage [Yes/No]","Performance Limit - Utilization [Yes/No]","Performance Limit - SLI GPUBoost Sync [Yes/No]","Total GPU Power [% of TDP] [%]","Total GPU Power (normalized) [% of TDP] [%]","PCI Express Error Counters (avg) []","Receiver Errors []","Replay Count []","Replay Rollover Count []","Bad DLLP Count []","Bad TLP Count []","LCRC Error Count []","NAKs Sent Count []","NAKs Received Count []","Recovery Count []","Correctable Error Count []","Non-Fatal Error Count []","Fatal Error Count []","Unsupported Request Count []","PCIe Lane 0 Errors []","PCIe Lane 1 Errors []","PCIe Lane 2 Errors []","PCIe Lane 3 Errors []","PCIe Lane 4 Errors []","PCIe Lane 5 Errors []","PCIe Lane 6 Errors []","PCIe Lane 7 Errors []","PCIe Lane 8 Errors []","PCIe Lane 9 Errors []","PCIe Lane 10 Errors []","PCIe Lane 11 Errors []","PCIe Lane 12 Errors []","PCIe Lane 13 Errors []","PCIe Lane 14 Errors []","PCIe Lane 15 Errors []","GPU Memory Available [MB]","GPU Memory Allocated [MB]","GPU D3D Memory Dedicated [MB]","GPU D3D Memory Dynamic [MB]","PCIe Link Speed [GT/s]","Framerate [FPS]","Framerate 1% Low [FPS]","Framerate 0.1% Low [FPS]","Frame Time [ms]","Framerate Presented (avg) [FPS]","Framerate Presented (99%) [FPS]","Framerate Presented (1%) [FPS]","Framerate Presented (0.1%) [FPS]","Framerate Presented (1% low) [FPS]","Framerate Presented (0.1% low) [FPS]","Framerate Displayed (avg) [FPS]","Framerate Displayed (99%) [FPS]","Framerate Displayed (1%) [FPS]","Framerate Displayed (0.1%) [FPS]","Framerate Displayed (1% low) [FPS]","Framerate Displayed (0.1% low) [FPS]","Frame Time Presented (avg) [ms]","Frame Time Presented (99%) [ms]","Frame Time Presented (1%) [ms]","Frame Time Presented (0.1%) [ms]","Frame Time Displayed (1% high) [ms]","Frame Time Displayed (0.1% high) [ms]","GPU Busy (avg) [ms]","GPU Wait (avg) [ms]","CPU Busy (avg) [ms]","CPU Wait (avg) [ms]","Animation Error (avg) [ms]","Total DL [MB]","Total UP [MB]","Current DL rate [KB/s]","Current UP rate [KB/s]","Total Errors []","iGPU [V]",
,System: MSI MS-7B48,System: MSI MS-7B48,System: MSI MS-7B48,System: MSI MS-7B48,System: MSI MS-7B48,System: MSI MS-7B48,System: MSI MS-7B48,System: MSI MS-7B48,System: MSI MS-7B48,CPU [#0]: Intel Core i7-8700K,CPU [#0]: Intel Core i7-8700K,CPU [#0]: Intel Core i7-8700K,CPU [#0]: Intel Core i7-8700K,CPU [#0]: Intel Core i7-8700K,CPU [#0]: Intel Core i7-8700K,CPU [#0]: Intel Core i7-8700K,CPU [#0]: Intel Core i7-8700K,CPU [#0]: Intel Core i7-8700K,CPU [#0]: Intel Core i7-8700K,CPU [#0]: Intel Core i7-8700K,CPU [#0]: Intel Core i7-8700K,CPU [#0]: Intel Core i7-8700K,CPU [#0]: Intel Core i7-8700K,CPU [#0]: Intel Core i7-8700K,CPU [#0]: Intel Core i7-8700K,CPU [#0]: Intel Core i7-8700K,CPU [#0]: Intel Core i7-8700K,CPU [#0]: Intel Core i7-8700K,CPU [#0]: Intel Core i7-8700K,CPU [#0]: Intel Core i7-8700K,CPU [#0]: Intel Core i7-8700K,CPU [#0]: Intel Core i7-8700K,CPU [#0]: Intel Core i7-8700K,CPU [#0]: Intel Core i7-8700K,CPU [#0]: Intel Core i7-8700K,CPU [#0]: Intel Core i7-8700K,CPU [#0]: Intel Core i7-8700K,CPU [#0]: Intel Core i7-8700K,CPU [#0]: Intel Core i7-8700K,CPU [#0]: Intel Core i7-8700K,CPU [#0]: Intel Core i7-8700K,CPU [#0]: Intel Core i7-8700K,CPU [#0]: Intel Core i7-8700K,CPU [#0]: Intel Core i7-8700K,CPU [#0]: Intel Core i7-8700K,CPU [#0]: Intel Core i7-8700K,CPU [#0]: Intel Core i7-8700K,CPU [#0]: Intel Core i7-8700K,CPU [#0]: Intel Core i7-8700K,CPU [#0]: Intel Core i7-8700K,CPU [#0]: Intel Core i7-8700K,CPU [#0]: Intel Core i7-8700K,CPU [#0]: Intel Core i7-8700K,CPU [#0]: Intel Core i7-8700K,CPU [#0]: Intel Core i7-8700K,CPU [#0]: Intel Core i7-8700K,CPU [#0]: Intel Core i7-8700K,CPU [#0]: Intel Core i7-8700K,CPU [#0]: Intel Core i7-8700K,CPU [#0]: Intel Core i7-8700K,CPU [#0]: Intel Core i7-8700K,CPU [#0]: Intel Core i7-8700K,CPU [#0]: Intel Core i7-8700K,CPU [#0]: Intel Core i7-8700K,CPU [#0]: Intel Core i7-8700K,CPU [#0]: Intel Core i7-8700K,CPU [#0]: Intel Core i7-8700K,CPU [#0]: Intel Core i7-8700K,CPU [#0]: Intel Core i7-8700K,CPU [#0]: Intel Core i7-8700K,CPU [#0]: Intel Core i7-8700K,CPU [#0]: Intel Core i7-8700K,CPU [#0]: Intel Core i7-8700K,CPU [#0]: Intel Core i7-8700K,CPU [#0]: Intel Core i7-8700K,CPU [#0]: Intel Core i7-8700K,CPU [#0]: Intel Core i7-8700K,CPU [#0]: Intel Core i7-8700K,CPU [#0]: Intel Core i7-8700K: DTS,CPU [#0]: Intel Core i7-8700K: DTS,CPU [#0]: Intel Core i7-8700K: DTS,CPU [#0]: Intel Core i7-8700K: DTS,CPU [#0]: Intel Core i7-8700K: DTS,CPU [#0]: Intel Core i7-8700K: DTS,CPU [#0]: Intel Core i7-8700K: DTS,CPU [#0]: Intel Core i7-8700K: DTS,CPU [#0]: Intel Core i7-8700K: DTS,CPU [#0]: Intel Core i7-8700K: DTS,CPU [#0]: Intel Core i7-8700K: DTS,CPU [#0]: Intel Core i7-8700K: DTS,CPU [#0]: Intel Core i7-8700K: DTS,CPU [#0]: Intel Core i7-8700K: DTS,CPU [#0]: Intel Core i7-8700K: DTS,CPU [#0]: Intel Core i7-8700K: DTS,CPU [#0]: Intel Core i7-8700K: DTS,CPU [#0]: Intel Core i7-8700K: DTS,CPU [#0]: Intel Core i7-8700K: DTS,CPU [#0]: Intel Core i7-8700K: DTS,CPU [#0]: Intel Core i7-8700K: DTS,CPU [#0]: Intel Core i7-8700K: DTS,CPU [#0]: Intel Core i7-8700K: DTS,CPU [#0]: Intel Core i7-8700K: DTS,CPU [#0]: Intel Core i7-8700K: DTS,CPU [#0]: Intel Core i7-8700K: DTS,CPU [#0]: Intel Core i7-8700K: DTS,CPU [#0]: Intel Core i7-8700K: DTS,CPU [#0]: Intel Core i7-8700K: DTS,CPU [#0]: Intel Core i7-8700K: DTS,CPU [#0]: Intel Core i7-8700K: DTS,CPU [#0]: Intel Core i7-8700K: DTS,CPU [#0]: Intel Core i7-8700K: DTS,CPU [#0]: Intel Core i7-8700K: DTS,CPU [#0]: Intel Core i7-8700K: DTS,CPU [#0]: Intel Core i7-8700K: DTS,CPU [#0]: Intel Core i7-8700K: DTS,CPU [#0]: Intel Core i7-8700K: DTS,CPU [#0]: Intel Core i7-8700K: DTS,CPU [#0]: Intel Core i7-8700K: DTS,CPU [#0]: Intel Core i7-8700K: Enhanced,CPU [#0]: Intel Core i7-8700K: Enhanced,CPU [#0]: Intel Core i7-8700K: Enhanced,CPU [#0]: Intel Core i7-8700K: Enhanced,CPU [#0]: Intel Core i7-8700K: Enhanced,CPU [#0]: Intel Core i7-8700K: Enhanced,CPU [#0]: Intel Core i7-8700K: Enhanced,CPU [#0]: Intel Core i7-8700K: Enhanced,CPU [#0]: Intel Core i7-8700K: Enhanced,CPU [#0]: Intel Core i7-8700K: Enhanced,CPU [#0]: Intel Core i7-8700K: Enhanced,CPU [#0]: Intel Core i7-8700K: Enhanced,CPU [#0]: Intel Core i7-8700K: Enhanced,CPU [#0]: Intel Core i7-8700K: Enhanced,CPU [#0]: Intel Core i7-8700K: Enhanced,CPU [#0]: Intel Core i7-8700K: Enhanced,CPU [#0]: Intel Core i7-8700K: Enhanced,CPU [#0]: Intel Core i7-8700K: Enhanced,CPU [#0]: Intel Core i7-8700K: Enhanced,CPU [#0]: Intel Core i7-8700K: C-State Residency,CPU [#0]: Intel Core i7-8700K: C-State Residency,CPU [#0]: Intel Core i7-8700K: C-State Residency,CPU [#0]: Intel Core i7-8700K: C-State Residency,CPU [#0]: Intel Core i7-8700K: C-State Residency,CPU [#0]: Intel Core i7-8700K: C-State Residency,CPU [#0]: Intel Core i7-8700K: C-State Residency,CPU [#0]: Intel Core i7-8700K: C-State Residency,CPU [#0]: Intel Core i7-8700K: C-State Residency,CPU [#0]: Intel Core i7-8700K: C-State Residency,CPU [#0]: Intel Core i7-8700K: C-State Residency,CPU [#0]: Intel Core i7-8700K: C-State Residency,CPU [#0]: Intel Core i7-8700K: C-State Residency,CPU [#0]: Intel Core i7-8700K: C-State Residency,CPU [#0]: Intel Core i7-8700K: C-State Residency,CPU [#0]: Intel Core i7-8700K: C-State Residency,CPU [#0]: Intel Core i7-8700K: C-State Residency,CPU [#0]: Intel Core i7-8700K: C-State Residency,CPU [#0]: Intel Core i7-8700K: C-State Residency,CPU [#0]: Intel Core i7-8700K: C-State Residency,CPU [#0]: Intel Core i7-8700K: C-State Residency,CPU [#0]: Intel Core i7-8700K: C-State Residency,CPU [#0]: Intel Core i7-8700K: C-State Residency,CPU [#0]: Intel Core i7-8700K: C-State Residency,CPU [#0]: Intel Core i7-8700K: C-State Residency,CPU [#0]: Intel Core i7-8700K: C-State Residency,CPU [#0]: Intel Core i7-8700K: C-State Residency,Memory Timings,Memory Timings,Memory Timings,Memory Timings,Memory Timings,Memory Timings,Memory Timings,Memory Timings,Memory Timings,CPU [#0]: Intel Core i7-8700K: Performance Limit Reasons,CPU [#0]: Intel Core i7-8700K: Performance Limit Reasons,CPU [#0]: Intel Core i7-8700K: Performance Limit Reasons,CPU [#0]: Intel Core i7-8700K: Performance Limit Reasons,CPU [#0]: Intel Core i7-8700K: Performance Limit Reasons,CPU [#0]: Intel Core i7-8700K: Performance Limit Reasons,CPU [#0]: Intel Core i7-8700K: Performance Limit Reasons,CPU [#0]: Intel Core i7-8700K: Performance Limit Reasons,CPU [#0]: Intel Core i7-8700K: Performance Limit Reasons,CPU [#0]: Intel Core i7-8700K: Performance Limit Reasons,CPU [#0]: Intel Core i7-8700K: Performance Limit Reasons,CPU [#0]: Intel Core i7-8700K: Performance Limit Reasons,CPU [#0]: Intel Core i7-8700K: Performance Limit Reasons,CPU [#0]: Intel Core i7-8700K: Performance Limit Reasons,CPU [#0]: Intel Core i7-8700K: Performance Limit Reasons,CPU [#0]: Intel Core i7-8700K: Performance Limit Reasons,CPU [#0]: Intel Core i7-8700K: Performance Limit Reasons,CPU [#0]: Intel Core i7-8700K: Performance Limit Reasons,CPU [#0]: Intel Core i7-8700K: Performance Limit Reasons,CPU [#0]: Intel Core i7-8700K: Performance Limit Reasons,CPU [#0]: Intel Core i7-8700K: Performance Limit Reasons,CPU [#0]: Intel Core i7-8700K: Performance Limit Reasons,CPU [#0]: Intel Core i7-8700K: Performance Limit Reasons,CPU [#0]: Intel Core i7-8700K: Performance Limit Reasons,CPU [#0]: Intel Core i7-8700K: Performance Limit Reasons,CPU [#0]: Intel Core i7-8700K: Performance Limit Reasons,CPU [#0]: Intel Core i7-8700K: Performance Limit Reasons,CPU [#0]: Intel Core i7-8700K: Performance Limit Reasons,CPU [#0]: Intel Core i7-8700K: Performance Limit Reasons,CPU [#0]: Intel Core i7-8700K: Performance Limit Reasons,CPU [#0]: Intel Core i7-8700K: Performance Limit Reasons,CPU [#0]: Intel Core i7-8700K: Performance Limit Reasons,CPU [#0]: Intel Core i7-8700K: Performance Limit Reasons,CPU [#0]: Intel Core i7-8700K: Performance Limit Reasons,CPU [#0]: Intel Core i7-8700K: Performance Limit Reasons,CPU [#0]: Intel Core i7-8700K: Performance Limit Reasons,CPU [#0]: Intel Core i7-8700K: Performance Limit Reasons,CPU [#0]: Intel Core i7-8700K: Performance Limit Reasons,CPU [#0]: Intel Core i7-8700K: Performance Limit Reasons,CPU [#0]: Intel Core i7-8700K: Performance Limit Reasons,MSI Z370-A PRO (MS-7B48) (Nuvoton NCT6795D),MSI Z370-A PRO (MS-7B48) (Nuvoton NCT6795D),MSI Z370-A PRO (MS-7B48) (Nuvoton NCT6795D),MSI Z370-A PRO (MS-7B48) (Nuvoton NCT6795D),MSI Z370-A PRO (MS-7B48) (Nuvoton NCT6795D),MSI Z370-A PRO (MS-7B48) (Nuvoton NCT6795D),MSI Z370-A PRO (MS-7B48) (Nuvoton NCT6795D),MSI Z370-A PRO (MS-7B48) (Nuvoton NCT6795D),MSI Z370-A PRO (MS-7B48) (Nuvoton NCT6795D),MSI Z370-A PRO (MS-7B48) (Nuvoton NCT6795D),MSI Z370-A PRO (MS-7B48) (Nuvoton NCT6795D),MSI Z370-A PRO (MS-7B48) (Nuvoton NCT6795D),MSI Z370-A PRO (MS-7B48) (Nuvoton NCT6795D),MSI Z370-A PRO (MS-7B48) (Nuvoton NCT6795D),MSI Z370-A PRO (MS-7B48) (Nuvoton NCT6795D),MSI Z370-A PRO (MS-7B48) (Nuvoton NCT6795D),MSI Z370-A PRO (MS-7B48) (Nuvoton NCT6795D),MSI Z370-A PRO (MS-7B48) (Nuvoton NCT6795D),MSI Z370-A PRO (MS-7B48) (Nuvoton NCT6795D),MSI Z370-A PRO (MS-7B48) (Nuvoton NCT6795D),MSI Z370-A PRO (MS-7B48) (Nuvoton NCT6795D),MSI Z370-A PRO (MS-7B48) (Intel PCH),S.M.A.R.T.: WDC  WDS250G2B0A-00SM50 (205206A007CF) [C:],S.M.A.R.T.: WDC  WDS250G2B0A-00SM50 (205206A007CF) [C:],S.M.A.R.T.: WDC  WDS250G2B0A-00SM50 (205206A007CF) [C:],S.M.A.R.T.: WDC  WDS250G2B0A-00SM50 (205206A007CF) [C:],S.M.A.R.T.: WDC  WDS250G2B0A-00SM50 (205206A007CF) [C:],S.M.A.R.T.: WDC  WDS250G2B0A-00SM50 (205206A007CF) [C:],S.M.A.R.T.: WDC  WDS250G2B0A-00SM50 (205206A007CF) [C:],S.M.A.R.T.: WDC WD20EZRX-00D8PB0 (WD-WMC4M0F0EH46) [D:],S.M.A.R.T.: WDC WD20EZRX-00D8PB0 (WD-WMC4M0F0EH46) [D:],S.M.A.R.T.: WDC WD20EZRX-00D8PB0 (WD-WMC4M0F0EH46) [D:],S.M.A.R.T.: WDC WD10EZEX-00RKKA0 (WD-WCC1S0251663) [G:],S.M.A.R.T.: WDC WD10EZEX-00RKKA0 (WD-WCC1S0251663) [G:],S.M.A.R.T.: WDC WD10EZEX-00RKKA0 (WD-WCC1S0251663) [G:],Drive: WDC  WDS250G2B0A-00SM50 (205206A007CF) [C:],Drive: WDC  WDS250G2B0A-00SM50 (205206A007CF) [C:],Drive: WDC  WDS250G2B0A-00SM50 (205206A007CF) [C:],Drive: WDC  WDS250G2B0A-00SM50 (205206A007CF) [C:],Drive: WDC  WDS250G2B0A-00SM50 (205206A007CF) [C:],Drive: WDC  WDS250G2B0A-00SM50 (205206A007CF) [C:],Drive: WDC  WDS250G2B0A-00SM50 (205206A007CF) [C:],Drive: WDC WD20EZRX-00D8PB0 (WD-WMC4M0F0EH46) [D:],Drive: WDC WD20EZRX-00D8PB0 (WD-WMC4M0F0EH46) [D:],Drive: WDC WD20EZRX-00D8PB0 (WD-WMC4M0F0EH46) [D:],Drive: WDC WD20EZRX-00D8PB0 (WD-WMC4M0F0EH46) [D:],Drive: WDC WD20EZRX-00D8PB0 (WD-WMC4M0F0EH46) [D:],Drive: WDC WD20EZRX-00D8PB0 (WD-WMC4M0F0EH46) [D:],Drive: WDC WD20EZRX-00D8PB0 (WD-WMC4M0F0EH46) [D:],Drive: WDC WD10EZEX-00RKKA0 (WD-WCC1S0251663) [G:],Drive: WDC WD10EZEX-00RKKA0 (WD-WCC1S0251663) [G:],Drive: WDC WD10EZEX-00RKKA0 (WD-WCC1S0251663) [G:],Drive: WDC WD10EZEX-00RKKA0 (WD-WCC1S0251663) [G:],Drive: WDC WD10EZEX-00RKKA0 (WD-WCC1S0251663) [G:],Drive: WDC WD10EZEX-00RKKA0 (WD-WCC1S0251663) [G:],Drive: WDC WD10EZEX-00RKKA0 (WD-WCC1S0251663) [G:],dGPU [#0]: NVIDIA GeForce RTX 3060,dGPU [#0]: NVIDIA GeForce RTX 3060,dGPU [#0]: NVIDIA GeForce RTX 3060,dGPU [#0]: NVIDIA GeForce RTX 3060,dGPU [#0]: NVIDIA GeForce RTX 3060,dGPU [#0]: NVIDIA GeForce RTX 3060,dGPU [#0]: NVIDIA GeForce RTX 3060,dGPU [#0]: NVIDIA GeForce RTX 3060,dGPU [#0]: NVIDIA GeForce RTX 3060,dGPU [#0]: NVIDIA GeForce RTX 3060,dGPU [#0]: NVIDIA GeForce RTX 3060,dGPU [#0]: NVIDIA GeForce RTX 3060,dGPU [#0]: NVIDIA GeForce RTX 3060,dGPU [#0]: NVIDIA GeForce RTX 3060,dGPU [#0]: NVIDIA GeForce RTX 3060,dGPU [#0]: NVIDIA GeForce RTX 3060,dGPU [#0]: NVIDIA GeForce RTX 3060,dGPU [#0]: NVIDIA GeForce RTX 3060,dGPU [#0]: NVIDIA GeForce RTX 3060,dGPU [#0]: NVIDIA GeForce RTX 3060,dGPU [#0]: NVIDIA GeForce RTX 3060,dGPU [#0]: NVIDIA GeForce RTX 3060,dGPU [#0]: NVIDIA GeForce RTX 3060,dGPU [#0]: NVIDIA GeForce RTX 3060,dGPU [#0]: NVIDIA GeForce RTX 3060,dGPU [#0]: NVIDIA GeForce RTX 3060,dGPU [#0]: NVIDIA GeForce RTX 3060,dGPU [#0]: NVIDIA GeForce RTX 3060,dGPU [#0]: NVIDIA GeForce RTX 3060,dGPU [#0]: NVIDIA GeForce RTX 3060,dGPU [#0]: NVIDIA GeForce RTX 3060,dGPU [#0]: NVIDIA GeForce RTX 3060,dGPU [#0]: NVIDIA GeForce RTX 3060,dGPU [#0]: NVIDIA GeForce RTX 3060,dGPU [#0]: NVIDIA GeForce RTX 3060,dGPU [#0]: NVIDIA GeForce RTX 3060,dGPU [#0]: NVIDIA GeForce RTX 3060,dGPU [#0]: NVIDIA GeForce RTX 3060,dGPU [#0]: NVIDIA GeForce RTX 3060,dGPU [#0]: NVIDIA GeForce RTX 3060,dGPU [#0]: NVIDIA GeForce RTX 3060,dGPU [#0]: NVIDIA GeForce RTX 3060,dGPU [#0]: NVIDIA GeForce RTX 3060,dGPU [#0]: NVIDIA GeForce RTX 3060,dGPU [#0]: NVIDIA GeForce RTX 3060,dGPU [#0]: NVIDIA GeForce RTX 3060,dGPU [#0]: NVIDIA GeForce RTX 3060,dGPU [#0]: NVIDIA GeForce RTX 3060,dGPU [#0]: NVIDIA GeForce RTX 3060,dGPU [#0]: NVIDIA GeForce RTX 3060,dGPU [#0]: NVIDIA GeForce RTX 3060,dGPU [#0]: NVIDIA GeForce RTX 3060,dGPU [#0]: NVIDIA GeForce RTX 3060,dGPU [#0]: NVIDIA GeForce RTX 3060,dGPU [#0]: NVIDIA GeForce RTX 3060,dGPU [#0]: NVIDIA GeForce RTX 3060,dGPU [#0]: NVIDIA GeForce RTX 3060,dGPU [#0]: NVIDIA GeForce RTX 3060,dGPU [#0]: NVIDIA GeForce RTX 3060,dGPU [#0]: NVIDIA GeForce RTX 3060,dGPU [#0]: NVIDIA GeForce RTX 3060,dGPU [#0]: NVIDIA GeForce RTX 3060,dGPU [#0]: NVIDIA GeForce RTX 3060,dGPU [#0]: NVIDIA GeForce RTX 3060,dGPU [#0]: NVIDIA GeForce RTX 3060,dGPU [#0]: NVIDIA GeForce RTX 3060,dGPU [#0]: NVIDIA GeForce RTX 3060,dGPU [#0]: NVIDIA GeForce RTX 3060,dGPU [#0]: NVIDIA GeForce RTX 3060,dGPU [#0]: NVIDIA GeForce RTX 3060,dGPU [#0]: NVIDIA GeForce RTX 3060,dGPU [#0]: NVIDIA GeForce RTX 3060,dGPU [#0]: NVIDIA GeForce RTX 3060,dGPU [#0]: NVIDIA GeForce RTX 3060,dGPU [#0]: NVIDIA GeForce RTX 3060,dGPU [#0]: NVIDIA GeForce RTX 3060,dGPU [#0]: NVIDIA GeForce RTX 3060,dGPU [#0]: NVIDIA GeForce RTX 3060,dGPU [#0]: NVIDIA GeForce RTX 3060,dGPU [#0]: NVIDIA GeForce RTX 3060,dGPU [#0]: NVIDIA GeForce RTX 3060,dGPU [#0]: NVIDIA GeForce RTX 3060,dGPU [#0]: NVIDIA GeForce RTX 3060,dGPU [#0]: NVIDIA GeForce RTX 3060,dGPU [#0]: NVIDIA GeForce RTX 3060,RTSS,RTSS,RTSS,RTSS,PresentMon [chrome.exe],PresentMon [chrome.exe],PresentMon [chrome.exe],PresentMon [chrome.exe],PresentMon [chrome.exe],PresentMon [chrome.exe],PresentMon [chrome.exe],PresentMon [chrome.exe],PresentMon [chrome.exe],PresentMon [chrome.exe],PresentMon [chrome.exe],PresentMon [chrome.exe],PresentMon [chrome.exe],PresentMon [chrome.exe],PresentMon [chrome.exe],PresentMon [chrome.exe],PresentMon [chrome.exe],PresentMon [chrome.exe],PresentMon [chrome.exe],PresentMon [chrome.exe],PresentMon [chrome.exe],PresentMon [chrome.exe],PresentMon [chrome.exe],Network: RealTek Semiconductor RTL8168/8111 PCI-E Gigabit Ethernet NIC - Ethernet,Network: RealTek Semiconductor RTL8168/8111 PCI-E Gigabit Ethernet NIC - Ethernet,Network: RealTek Semiconductor RTL8168/8111 PCI-E Gigabit Ethernet NIC - Ethernet,Network: RealTek Semiconductor RTL8168/8111 PCI-E Gigabit Ethernet NIC - Ethernet,Windows Hardware Errors (WHEA),MSI Z370-A PRO (MS-7B48) (Nuvoton NCT6795D),
